LandValue,ImprovementValue,OwnerOccupied,Neighbours,PermitApplicationTime,ReconstructionCompletionTime
98426,383343,FALSE,143,104,315
60171,143771,FALSE,129,105,421
160829,352869,TRUE,83,109,351
91221,133348,FALSE,69,112,378
91940,294846,TRUE,135,112,448
127500,331500,TRUE,72,118,889
96498,144747,FALSE,39,123,392
85140,147196,TRUE,140,123,265
65164,161066,TRUE,55,125,334
87490,225289,FALSE,155,125,452
88702,263395,FALSE,89,125,329
69304,306147,TRUE,140,126,337
185658,309429,TRUE,83,126,384
48249,104226,TRUE,96,130,400
9225,129529,TRUE,83,132,552
61883,254343,TRUE,138,132,587
81223,181914,FALSE,77,137,358
78309,133782,TRUE,88,137,406
16622,42232,FALSE,44,139,712
51239,268623,FALSE,99,139,631
55774,181379,FALSE,30,140,351
69620,273122,TRUE,107,140,523
92958,254017,FALSE,109,144,-1
97072,101562,FALSE,105,145,452
34808,149564,TRUE,103,147,452
117941,280198,FALSE,88,147,379
78084,141725,TRUE,118,151,503
103895,408205,FALSE,98,152,529
42436,223217,TRUE,134,152,558
45200,433500,FALSE,82,160,452
40156,123678,TRUE,126,161,411
40251,259748,TRUE,71,161,673
49000,112845,TRUE,66,166,355
31713,489519,FALSE,98,166,487
112200,214200,FALSE,51,167,620
82022,233309,FALSE,89,168,406
126141,538611,TRUE,89,172,825
84093,433500,TRUE,23,172,-1
141647,210000,FALSE,88,173,620
75053,69692,TRUE,60,174,313
51170,56777,TRUE,93,174,390
69447,453862,TRUE,143,174,427
80856,190011,TRUE,62,175,658
289738,357926,TRUE,89,175,509
13571,65513,TRUE,60,179,659
83248,18174,TRUE,10,179,301
66929,282920,FALSE,127,180,552
63529,173294,FALSE,96,180,530
100475,314116,FALSE,105,180,560
61374,114983,TRUE,126,181,544
82022,154109,TRUE,119,182,532
91005,61728,TRUE,133,182,441
101858,265592,TRUE,123,182,433
86633,133199,TRUE,91,183,475
44013,111081,TRUE,140,183,700
91005,142186,TRUE,131,187,405
55514,22206,TRUE,98,188,441
164046,316063,TRUE,79,189,-1
38697,153527,TRUE,69,189,547
59175,255898,FALSE,143,189,440
57907,116780,TRUE,97,189,435
40609,69197,FALSE,88,189,432
72433,68899,FALSE,128,189,-1
103056,170043,FALSE,102,190,390
50684,282388,TRUE,85,190,595
79647,214961,TRUE,85,193,658
131396,230828,TRUE,17,193,302
19621,176223,TRUE,135,194,606
52193,164031,FALSE,145,194,445
148086,363226,TRUE,122,194,552
80068,197840,TRUE,37,194,463
69620,428768,TRUE,127,195,593
56043,194838,TRUE,101,196,365
72407,380075,TRUE,102,196,1036
29424,108371,TRUE,40,202,537
54599,80306,FALSE,70,202,567
65667,112276,TRUE,51,203,414
51977,103408,TRUE,65,203,425
118667,152966,TRUE,122,203,582
67949,188875,TRUE,112,204,461
81465,166390,TRUE,136,204,369
37214,140052,TRUE,125,208,-1
60171,65358,FALSE,141,208,560
42221,75220,FALSE,147,208,540
9225,118670,TRUE,73,208,638
9041,133256,TRUE,102,209,-1
49591,167606,TRUE,112,209,-1
216602,392700,TRUE,94,209,617
15767,112200,FALSE,68,210,327
198034,307340,TRUE,44,210,578
123302,343096,FALSE,97,210,650
46949,166431,FALSE,124,210,537
79647,266982,TRUE,110,210,636
92958,239999,FALSE,106,210,601
8297,119955,TRUE,147,211,557
45124,170416,TRUE,122,211,552
31083,27651,TRUE,110,214,579
141647,142297,TRUE,70,214,439
62875,109633,TRUE,143,214,397
69048,85478,FALSE,91,215,476
23627,111798,TRUE,103,215,573
170431,65338,TRUE,93,215,771
94606,463755,TRUE,83,215,476
101858,155658,TRUE,78,215,658
10650,91629,TRUE,132,216,599
66396,34006,TRUE,81,216,447
84607,98947,TRUE,70,217,-1
50079,137457,TRUE,129,217,552
73681,47000,FALSE,80,217,-1
183885,274500,TRUE,5,218,615
35827,94662,TRUE,139,218,764
87490,261381,FALSE,69,218,711
53236,246302,TRUE,42,218,595
84504,110493,FALSE,124,218,501
107219,250770,TRUE,138,218,701
98426,373734,TRUE,97,218,501
107219,151369,FALSE,128,221,498
75221,251534,TRUE,85,221,761
50653,174308,TRUE,79,221,910
96498,150108,FALSE,112,222,1049
48711,73779,TRUE,137,223,754
13847,149768,TRUE,120,223,519
19764,119177,TRUE,90,223,567
44141,117744,TRUE,72,223,291
51647,26177,TRUE,88,223,476
191061,304042,TRUE,89,224,596
60500,179014,TRUE,80,225,399
129210,412629,TRUE,115,228,544
92958,187686,TRUE,69,228,530
23293,657148,TRUE,77,228,589
68824,337615,TRUE,144,228,746
82851,242638,TRUE,128,229,-1
144747,329133,FALSE,82,230,-1
190010,262900,TRUE,81,230,-1
44827,123106,TRUE,127,230,467
103056,341117,TRUE,100,231,452
41422,192926,TRUE,139,231,656
144747,437250,TRUE,97,232,615
57921,186376,TRUE,111,232,537
85687,230006,TRUE,90,232,-1
94818,132186,TRUE,64,235,494
124575,281975,TRUE,65,235,607
183885,168500,FALSE,55,235,-1
107174,161585,TRUE,124,235,726
126141,538611,TRUE,113,236,918
54778,104685,TRUE,70,236,608
128766,173861,TRUE,97,236,574
113873,600736,FALSE,113,237,589
83946,262923,TRUE,57,237,427
15226,91275,TRUE,118,239,574
83946,262923,TRUE,57,239,610
93775,198698,TRUE,131,242,544
46026,109510,TRUE,70,242,883
120723,135818,TRUE,83,244,657
39032,111499,TRUE,118,244,491
193156,192519,TRUE,116,244,606
117941,449670,FALSE,55,245,656
108653,242264,FALSE,61,245,655
98426,125137,FALSE,88,249,544
80380,223744,FALSE,125,249,502
80380,60340,FALSE,90,249,497
96261,391796,FALSE,146,250,529
107219,365537,TRUE,137,252,575
78469,60362,TRUE,136,252,477
75082,200509,TRUE,117,252,614
39670,67919,TRUE,108,252,620
40825,131217,TRUE,111,253,725
115274,191150,FALSE,77,253,601
133972,346124,TRUE,146,256,656
44196,153923,TRUE,115,256,518
92958,199758,TRUE,75,256,540
65628,317506,TRUE,91,256,579
26256,87117,TRUE,103,257,537
101373,148916,TRUE,102,257,656
57456,384936,TRUE,77,257,722
89239,195013,TRUE,77,258,658
56122,188020,TRUE,109,259,445
89239,386455,FALSE,103,259,711
115512,167471,FALSE,89,259,599
72433,86922,TRUE,98,259,664
120687,311891,TRUE,99,260,631
100788,111643,FALSE,99,263,532
55774,136732,FALSE,59,263,469
67971,147273,TRUE,120,263,480
79273,324976,TRUE,98,264,733
99861,198854,TRUE,99,264,552
79273,324976,TRUE,98,264,733
45078,112782,TRUE,95,264,641
46026,96580,TRUE,123,265,488
32526,116536,TRUE,136,265,496
14492,81341,FALSE,91,265,579
48711,131869,TRUE,121,265,616
55755,132125,TRUE,71,265,774
109208,195368,FALSE,110,266,553
114345,173828,TRUE,136,266,491
84936,165257,TRUE,103,266,537
92958,399180,TRUE,139,266,589
54395,89792,TRUE,117,270,424
25578,88967,TRUE,85,270,830
68221,170457,TRUE,119,270,529
133442,301704,TRUE,76,271,907
65628,317506,TRUE,91,272,579
72976,104168,TRUE,126,272,656
73612,217995,FALSE,135,273,693
47784,147907,TRUE,116,273,789
102000,122400,FALSE,40,273,634
105117,208231,FALSE,148,273,833
129210,412629,TRUE,115,274,658
83662,460524,FALSE,85,278,1013
34472,35367,TRUE,135,278,503
45983,64266,FALSE,64,278,519
61351,78085,FALSE,52,278,567
57921,166723,TRUE,115,279,-1
12689,125223,TRUE,103,279,558
151787,295445,TRUE,123,279,673
58090,209480,FALSE,45,279,775
60359,91073,FALSE,103,279,741
107219,262688,TRUE,91,280,483
73681,146499,TRUE,133,280,606
51695,212434,TRUE,136,280,755
36069,331500,FALSE,56,280,938
46411,129454,TRUE,63,281,699
62502,241608,TRUE,116,281,582
54324,121291,TRUE,117,281,445
81879,245949,FALSE,149,281,757
55672,158427,FALSE,66,281,589
80032,226139,TRUE,91,281,693
115890,87567,TRUE,107,281,537
78084,191522,TRUE,122,281,694
76554,166880,TRUE,127,284,631
155941,101617,TRUE,57,284,-1
112103,147354,TRUE,124,284,663
117941,232655,FALSE,46,285,589
173840,215986,TRUE,75,285,552
113848,403917,TRUE,59,285,622
49905,328379,TRUE,89,286,537
48037,184820,FALSE,57,286,519
101858,272400,FALSE,80,286,560
55179,568939,FALSE,66,286,985
70721,139968,FALSE,107,287,771
138868,167408,FALSE,112,287,447
55179,211156,TRUE,51,287,622
13200,11551,TRUE,89,288,-1
87041,165649,TRUE,112,288,452
78084,242683,TRUE,122,288,931
78870,117708,TRUE,71,288,614
34833,109124,TRUE,122,291,502
42304,118855,TRUE,60,291,589
173278,451140,TRUE,24,292,638
30916,153000,FALSE,104,292,755
86671,351791,TRUE,38,292,727
33122,14458,FALSE,75,292,518
11074,78830,TRUE,139,293,768
43743,91887,TRUE,111,294,627
58309,137172,TRUE,59,294,519
102000,119340,FALSE,145,294,743
31888,123429,TRUE,88,294,489
101924,274637,TRUE,119,295,1012
87597,191473,TRUE,74,295,586
99013,85582,TRUE,46,299,544
56043,69500,TRUE,80,299,1344
50680,239062,TRUE,123,299,844
14582,104789,TRUE,114,300,574
56402,81527,TRUE,130,300,553
85140,18244,FALSE,117,300,532
88702,405489,FALSE,136,300,911
91940,39404,TRUE,112,300,539
119931,47974,TRUE,105,300,560
52651,125834,TRUE,75,301,476
49685,145568,TRUE,116,301,620
90428,156233,FALSE,138,301,694
115997,242935,FALSE,104,301,746
30916,207060,TRUE,150,301,670
12685,63826,TRUE,131,301,729
84936,259348,FALSE,66,301,-1
73612,146370,TRUE,89,301,652
69620,151415,FALSE,38,301,1393
82022,153909,TRUE,77,302,656
97305,219151,FALSE,109,302,657
33464,126059,FALSE,117,302,1044
35552,150631,TRUE,126,305,691
83471,65588,TRUE,100,305,1083
22980,148387,TRUE,104,306,697
100475,135851,TRUE,118,306,728
13847,105638,FALSE,120,306,895
107219,161524,FALSE,120,306,573
103138,45689,FALSE,154,306,839
135071,255000,TRUE,37,306,729
45124,102357,TRUE,83,307,537
55556,19599,FALSE,130,307,1140
52214,95500,FALSE,116,307,1174
109363,315903,TRUE,98,307,757
76807,252113,TRUE,67,307,748
19474,40385,TRUE,124,308,573
49000,109809,TRUE,93,308,718
25248,153000,TRUE,103,309,396
63529,167332,FALSE,103,309,638
115997,299783,TRUE,85,312,720
127500,357000,FALSE,135,312,769
58611,80524,TRUE,74,312,476
58017,175033,FALSE,50,312,600
21327,83245,TRUE,103,312,651
69304,162372,FALSE,88,313,532
40825,117460,FALSE,74,314,607
47339,76271,FALSE,73,314,544
131341,298062,TRUE,139,315,636
61374,107917,TRUE,120,315,553
98562,261055,TRUE,54,315,810
45237,147888,TRUE,102,315,566
81879,219664,TRUE,110,315,812
84936,237075,TRUE,64,316,578
128820,309170,FALSE,130,316,544
11541,51889,TRUE,111,316,790
107219,51000,FALSE,122,316,1373
14412,47898,TRUE,142,319,693
75422,168952,TRUE,91,319,762
12416,168357,TRUE,43,319,756
10523,69832,TRUE,118,319,631
57754,23103,TRUE,130,319,600
112200,308040,FALSE,108,319,609
13567,39360,TRUE,125,320,574
43277,203233,TRUE,100,320,740
107219,212237,TRUE,40,320,760
103056,200960,FALSE,76,320,517
87078,93783,TRUE,109,321,586
123187,283796,TRUE,53,321,-1
44196,315248,TRUE,112,321,1036
68977,178112,FALSE,109,322,566
72062,242904,TRUE,118,322,-1
15786,107182,FALSE,85,322,589
66396,21761,FALSE,153,323,491
12787,57501,FALSE,101,326,691
127500,229500,TRUE,73,326,705
107219,224591,FALSE,87,326,656
56940,164798,FALSE,69,327,642
125000,314000,FALSE,110,327,-1
71012,127059,TRUE,106,327,812
19113,209541,TRUE,115,327,571
37557,42580,TRUE,70,327,475
82849,176370,FALSE,72,327,925
10381,261649,TRUE,85,327,606
78870,40651,TRUE,140,327,655
44309,39989,TRUE,140,328,792
29009,87805,FALSE,117,328,610
11401,43627,TRUE,122,328,666
141647,232754,TRUE,90,328,721
79273,118914,TRUE,81,328,741
113250,476571,TRUE,58,328,680
91637,374363,TRUE,84,329,1022
123769,144816,TRUE,88,329,595
98426,240604,TRUE,103,330,624
53609,24555,TRUE,131,330,-1
45000,173933,TRUE,130,333,-1
117581,173600,TRUE,111,334,924
54681,116816,TRUE,63,335,699
8211,110170,TRUE,114,335,748
44231,161728,TRUE,132,335,729
25764,121362,FALSE,58,336,557
119931,27289,TRUE,144,336,490
12590,119937,TRUE,144,340,666
102000,235110,FALSE,79,341,901
62286,58666,TRUE,119,341,595
136146,182059,TRUE,121,341,937
44013,180381,TRUE,143,341,-1
109466,190882,TRUE,99,342,848
39872,39119,FALSE,116,342,510
122364,218735,TRUE,108,342,747
92750,185501,FALSE,79,342,560
84938,81285,TRUE,63,343,519
71012,151191,TRUE,88,343,582
63297,193529,TRUE,58,343,-1
107219,166085,FALSE,124,343,641
72407,171343,TRUE,110,343,704
72506,137765,TRUE,104,343,740
91800,217260,TRUE,71,347,620
33290,148624,TRUE,51,347,673
67949,186981,TRUE,143,347,692
71012,128236,FALSE,116,347,743
109443,226800,FALSE,79,347,736
54324,56365,FALSE,114,347,756
178500,423300,TRUE,37,347,705
110000,330000,TRUE,69,348,1016
54730,46371,FALSE,126,348,511
42046,262999,TRUE,61,348,600
24732,112200,FALSE,105,348,617
171551,379498,FALSE,49,348,831
54793,141346,TRUE,89,349,795
83515,172360,TRUE,81,349,631
69754,166181,TRUE,57,349,673
10139,24830,FALSE,129,349,721
64454,60570,TRUE,138,349,-1
45130,72911,TRUE,87,350,673
45983,250320,TRUE,135,350,615
101858,303579,FALSE,133,350,971
60045,60061,TRUE,67,350,719
10442,112603,TRUE,138,350,803
24732,142800,FALSE,125,350,666
75221,234766,TRUE,27,351,841
43277,146567,TRUE,141,351,588
60359,28793,TRUE,120,351,-1
145185,142378,FALSE,67,354,810
66939,88732,FALSE,120,354,592
207791,320868,TRUE,61,354,928
72433,69459,TRUE,97,354,960
58017,97555,TRUE,45,355,795
79273,202794,FALSE,92,355,727
115185,233267,TRUE,66,355,746
113873,164131,TRUE,59,355,769
107219,167804,TRUE,67,355,636
93912,97120,TRUE,64,355,736
148523,61887,TRUE,146,356,489
62286,107299,FALSE,71,356,588
96498,161190,FALSE,89,357,664
51708,14862,TRUE,95,357,592
41018,173312,TRUE,119,357,861
51497,129332,TRUE,135,357,823
80380,61706,TRUE,96,357,797
95338,160110,TRUE,96,358,781
98426,316063,FALSE,53,358,713
17403,126593,TRUE,128,358,795
117941,358650,TRUE,95,358,706
21751,87133,TRUE,91,358,648
117941,187591,FALSE,41,361,650
80856,242215,TRUE,107,361,812
127500,229500,FALSE,118,361,718
72506,62265,FALSE,96,361,600
61998,98568,FALSE,87,361,804
127500,296820,TRUE,78,362,798
85775,141204,FALSE,125,362,656
44140,255753,TRUE,142,362,693
102614,533318,TRUE,53,363,834
103138,323956,FALSE,70,363,902
96900,157080,FALSE,112,363,840
102000,130560,FALSE,106,363,615
110000,205000,TRUE,62,364,1132
80380,68126,TRUE,154,364,813
117941,192506,TRUE,30,364,798
96498,194501,FALSE,125,364,875
103011,33382,TRUE,59,364,678
63818,287952,TRUE,66,365,1062
22498,140605,TRUE,88,365,613
91137,127985,FALSE,93,365,1169
141647,63000,TRUE,98,365,-1
66980,182099,FALSE,140,365,620
148047,155760,FALSE,87,365,921
63529,226720,TRUE,61,369,812
153000,382500,FALSE,75,369,889
69304,191756,TRUE,105,369,1212
105201,209993,TRUE,109,369,770
57994,124572,FALSE,108,369,781
95525,412670,TRUE,69,369,783
120574,387557,TRUE,84,370,928
60359,85000,FALSE,108,370,1233
40027,84284,TRUE,73,370,663
101858,208006,FALSE,76,371,658
79276,186287,FALSE,116,371,707
34668,119460,FALSE,135,371,845
84504,12072,TRUE,134,371,670
100395,111634,FALSE,29,371,-1
71085,90970,FALSE,130,371,627
80856,302881,FALSE,105,372,-1
109208,175955,TRUE,149,372,736
53154,136024,FALSE,28,372,704
89239,558041,TRUE,99,372,902
61351,72652,FALSE,79,372,519
72062,242904,TRUE,118,375,-1
113848,403917,TRUE,59,375,665
78084,261032,TRUE,86,375,883
7431,67002,TRUE,145,375,608
57921,141431,FALSE,115,375,769
82849,220541,TRUE,71,376,693
51695,95751,TRUE,124,376,-1
98708,346718,FALSE,136,376,978
96900,91290,FALSE,113,377,722
103056,144279,TRUE,75,377,540
48798,196705,TRUE,87,377,-1
32199,63867,TRUE,71,378,740
51977,108228,TRUE,94,378,579
59472,147748,TRUE,44,378,596
27824,82700,FALSE,130,378,-1
25752,83436,FALSE,112,378,656
29864,79618,FALSE,118,378,579
86633,152500,TRUE,63,379,1432
41798,241711,FALSE,51,382,903
50197,5577,FALSE,92,382,1306
90599,351082,TRUE,86,382,998
55774,72511,FALSE,91,382,634
107219,233964,FALSE,52,382,641
63070,317446,FALSE,32,383,676
60359,178728,TRUE,51,383,859
18549,295800,FALSE,134,383,624
112200,198900,FALSE,158,383,701
193156,345255,TRUE,82,384,736
51528,132942,FALSE,78,389,582
85536,192152,FALSE,55,389,-1
107219,157196,TRUE,122,390,844
82022,222101,FALSE,105,390,533
150118,83661,TRUE,93,391,705
84093,300620,FALSE,44,391,729
60149,65814,FALSE,136,391,742
66929,50197,FALSE,131,393,664
112200,137700,TRUE,129,393,685
109363,315903,TRUE,99,396,757
30916,260000,FALSE,108,396,1110
100000,200000,TRUE,127,396,834
59175,86403,FALSE,98,396,-1
25764,188700,FALSE,69,396,601
101858,159322,TRUE,149,396,848
82444,144279,FALSE,101,397,547
46026,82228,TRUE,153,397,602
54778,64183,TRUE,115,397,861
58017,119874,FALSE,127,397,910
96577,283572,TRUE,113,397,-1
90475,173315,TRUE,65,398,729
64891,89546,TRUE,24,398,694
49591,167606,TRUE,109,398,-1
132600,372300,FALSE,123,399,607
84936,204384,FALSE,87,399,1006
34794,20880,FALSE,127,399,636
20611,132600,FALSE,95,399,567
107219,242823,FALSE,120,399,722
113873,207665,TRUE,84,399,644
123187,283796,TRUE,53,400,886
10152,161127,FALSE,125,400,928
31819,105820,TRUE,51,400,804
45983,202260,TRUE,28,400,881
54778,92595,FALSE,146,400,595
112200,171360,TRUE,35,400,-1
13572,209754,FALSE,94,400,848
33726,322976,TRUE,81,400,1028
59508,81523,TRUE,103,400,-1
59508,81523,TRUE,103,400,1292
41222,117999,FALSE,43,403,566
128766,77497,FALSE,134,403,678
72506,145015,TRUE,97,403,677
32000,157500,TRUE,59,403,-1
163200,270300,FALSE,60,403,-1
72506,157149,TRUE,53,403,697
40469,425000,FALSE,107,403,859
82022,196578,FALSE,123,404,699
14296,51450,TRUE,132,404,708
36781,36077,TRUE,113,404,825
83662,208215,TRUE,71,405,827
61351,58564,FALSE,110,405,993
63887,152956,TRUE,74,405,711
145858,210134,TRUE,48,405,651
63117,220038,TRUE,118,405,952
24732,189000,FALSE,128,405,1289
56624,68914,FALSE,127,405,764
60665,72815,TRUE,73,405,981
107174,306097,TRUE,112,405,1117
96498,193000,FALSE,82,405,852
125517,238825,FALSE,93,405,930
46411,18566,FALSE,110,406,636
91221,124920,TRUE,108,406,673
18360,214200,FALSE,35,406,839
190860,325952,FALSE,101,406,827
190860,325952,FALSE,101,406,827
73503,221031,FALSE,100,406,1019
53286,56328,TRUE,114,406,582
30916,142800,FALSE,76,406,644
42046,173968,FALSE,109,406,557
115997,184493,TRUE,93,406,615
41014,110614,TRUE,65,406,740
72061,189733,TRUE,132,407,1096
61833,367200,FALSE,78,407,918
151493,128347,TRUE,53,407,662
25764,167688,TRUE,123,407,635
49981,86423,FALSE,128,407,762
40000,115000,TRUE,52,410,-1
26279,151647,FALSE,89,410,596
108757,256582,TRUE,82,410,607
82022,66929,FALSE,140,410,606
30682,63334,FALSE,90,410,754
14740,105582,TRUE,70,410,658
78322,268260,FALSE,84,410,644
98426,114606,FALSE,115,410,928
50000,310000,TRUE,84,410,812
11203,418525,FALSE,81,410,904
63887,144026,TRUE,125,411,-1
127500,367200,FALSE,113,411,1012
83662,228929,TRUE,106,411,1271
87025,489106,TRUE,71,411,988
110000,225000,FALSE,112,413,939
35162,214016,FALSE,93,414,624
41222,387600,FALSE,72,414,-1
26256,50608,FALSE,96,414,-1
81879,187991,TRUE,120,414,720
77259,14165,FALSE,137,414,-1
60000,13500,FALSE,67,414,1048
59080,84263,TRUE,83,417,1013
81879,159106,TRUE,62,417,798
47562,96594,TRUE,19,417,957
145185,195157,TRUE,31,417,775
11260,295000,FALSE,94,417,1047
38355,129738,FALSE,68,418,-1
70434,116157,TRUE,115,418,1000
18648,37000,TRUE,84,418,-1
77783,275750,TRUE,89,418,1363
12802,4805,FALSE,51,418,-1
64770,125000,FALSE,92,418,-1
75082,258673,TRUE,52,418,556
51995,62000,FALSE,105,418,-1
40000,155000,TRUE,113,418,-1
107219,171683,FALSE,132,418,963
94606,67150,FALSE,74,418,748
129301,393255,TRUE,97,418,971
30916,135152,FALSE,16,418,-1
85672,18000,FALSE,74,418,-1
58458,84903,TRUE,101,418,1020
60171,132484,TRUE,77,418,665
67695,140040,FALSE,158,418,1042
82022,88740,FALSE,92,418,760
135000,493000,FALSE,81,418,952
59175,100970,TRUE,148,418,-1
118356,267495,TRUE,111,418,726
145185,188376,FALSE,125,418,1006
20366,239062,TRUE,64,418,998
20366,239062,TRUE,64,418,998
73612,196217,FALSE,61,418,1061
98426,342544,TRUE,79,421,838
54945,160865,FALSE,80,421,776
22711,431323,FALSE,99,421,-1
44309,145544,TRUE,77,421,658
69692,59916,FALSE,105,424,853
101970,142776,TRUE,87,424,718
25764,250000,TRUE,46,424,1140
124778,59765,FALSE,130,424,901
82087,32837,FALSE,70,424,1051
121008,279500,TRUE,75,424,1383
51045,114471,TRUE,29,424,-1
75053,190019,FALSE,158,425,771
122400,183600,TRUE,130,425,782
39776,94737,TRUE,115,426,911
36069,174165,TRUE,48,426,540
12190,118815,FALSE,40,426,804
97791,111365,FALSE,54,426,1308
40970,61800,TRUE,151,427,589
81237,79297,TRUE,87,427,578
30916,285000,FALSE,95,427,1049
28339,139230,TRUE,128,427,567
107219,194830,TRUE,139,428,1030
154713,220940,FALSE,99,428,693
63117,188913,FALSE,102,428,973
20611,138720,TRUE,91,431,-1
140195,163784,TRUE,133,431,740
100000,225000,FALSE,91,431,823
122400,387600,FALSE,117,431,908
85140,55753,FALSE,118,431,592
58017,73104,TRUE,123,431,967
126141,207839,FALSE,70,432,740
61408,136481,FALSE,148,433,893
65094,82851,FALSE,93,433,693
88702,264773,FALSE,130,434,-1
35000,100000,TRUE,99,434,-1
66929,141670,FALSE,112,434,897
81223,258244,TRUE,94,435,869
65334,130037,TRUE,81,435,782
107219,192996,FALSE,64,439,1244
63529,63529,FALSE,124,439,641
79057,192776,TRUE,61,440,904
61351,98489,FALSE,70,440,949
102350,262043,TRUE,130,441,987
42252,340152,FALSE,44,441,1414
54300,110645,FALSE,23,441,622
139386,418610,FALSE,92,441,1090
51528,66000,FALSE,42,445,-1
16159,50000,TRUE,21,445,-1
41222,187652,FALSE,121,445,-1
16488,163200,FALSE,137,445,-1
49687,68867,TRUE,137,445,900
112200,193800,FALSE,121,445,635
59175,83448,FALSE,113,445,852
42046,219300,TRUE,152,445,831
35000,53500,FALSE,98,445,-1
44086,150000,FALSE,120,445,-1
57164,199857,TRUE,126,445,701
44309,31282,TRUE,77,446,728
50680,25003,TRUE,107,446,602
78084,170017,FALSE,129,446,966
61408,136481,FALSE,148,446,-1
61408,136481,FALSE,148,446,-1
76358,87001,TRUE,118,446,806
42586,64083,FALSE,138,446,624
46375,331500,FALSE,102,446,663
52193,114905,TRUE,144,447,823
142336,164621,FALSE,60,447,848
7102,65296,TRUE,63,447,-1
51995,138284,TRUE,54,447,769
73072,238759,FALSE,54,448,998
141986,340092,TRUE,62,448,1079
72139,452950,FALSE,56,448,770
42222,211705,TRUE,115,449,929
97998,90532,TRUE,85,449,718
70897,147736,TRUE,106,449,977
90599,177480,TRUE,103,449,638
73612,158552,FALSE,68,449,757
68325,165000,FALSE,107,449,-1
10477,30103,FALSE,127,452,-1
84936,365428,TRUE,67,453,798
67949,147985,FALSE,110,453,888
97072,111719,FALSE,62,453,614
34698,376403,TRUE,37,453,967
30916,209100,TRUE,96,454,624
19196,96573,TRUE,158,454,805
71012,5918,TRUE,97,454,901
71012,74566,FALSE,138,455,609
58309,171258,FALSE,116,455,620
50203,144558,TRUE,106,455,757
41272,171121,TRUE,132,455,648
76554,168300,TRUE,46,455,847
9347,71105,FALSE,108,456,993
61408,124324,FALSE,68,456,677
67138,154546,FALSE,11,460,816
72506,251195,FALSE,38,460,784
41751,158270,TRUE,109,461,1001
132557,168921,FALSE,144,461,729
82953,184577,TRUE,109,461,984
117941,180113,FALSE,121,461,984
176745,135150,TRUE,76,462,741
72803,51148,FALSE,91,462,600
24732,195000,FALSE,100,467,1068
35484,89456,FALSE,65,467,841
45000,95000,FALSE,32,467,1377
124778,225482,TRUE,32,468,911
91005,158809,FALSE,122,468,965
91005,158809,FALSE,122,468,965
40000,166500,TRUE,79,468,-1
90202,188056,TRUE,137,469,769
64331,46639,TRUE,96,470,679
119931,43062,FALSE,126,473,566
105201,75503,FALSE,77,473,641
79647,313906,TRUE,79,475,-1
46375,316200,FALSE,126,475,837
150107,509011,TRUE,58,476,1138
45000,250000,TRUE,69,477,-1
64134,163941,TRUE,124,477,1063
78084,153211,FALSE,136,480,958
138868,156444,TRUE,139,480,963
86633,109739,FALSE,74,480,980
78469,69058,FALSE,67,481,631
93775,261726,TRUE,108,481,869
96498,134145,TRUE,136,481,874
9815,66711,FALSE,67,482,720
83662,180077,FALSE,96,482,719
12590,11103,TRUE,114,482,1026
58017,95216,TRUE,27,482,938
84342,187821,TRUE,111,482,980
112200,214200,TRUE,108,482,769
19579,136600,FALSE,68,484,-1
141647,69168,TRUE,109,484,666
64051,179240,TRUE,143,484,747
57117,11999,FALSE,105,487,956
16159,56830,FALSE,56,487,1104
30916,155000,FALSE,106,488,1268
24732,153000,FALSE,134,488,656
27824,143500,FALSE,157,489,-1
101858,152704,FALSE,83,489,876
87490,134279,FALSE,82,489,725
39994,81233,FALSE,66,490,788
40800,341000,FALSE,132,491,-1
27731,98982,TRUE,94,491,981
112200,222360,TRUE,98,491,763
25764,102000,FALSE,47,491,720
133793,33310,FALSE,90,494,641
98628,55056,FALSE,80,494,694
137915,127523,TRUE,84,494,729
36921,50402,FALSE,54,495,-1
96085,128134,FALSE,113,495,890
44706,81059,TRUE,81,495,693
117941,383561,TRUE,85,495,1054
65094,153869,TRUE,113,496,965
140000,319000,TRUE,77,496,908
173156,348368,FALSE,21,496,994
48619,115507,TRUE,32,496,763
46949,104137,TRUE,28,496,901
60665,164702,TRUE,91,497,1085
111642,371113,TRUE,89,497,973
144479,144649,TRUE,115,498,865
36790,48586,TRUE,109,498,624
47302,81755,FALSE,69,498,-1
15378,178500,FALSE,95,501,733
112200,239700,FALSE,54,502,714
122400,204000,FALSE,54,502,720
153000,221700,TRUE,91,502,-1
60045,194770,FALSE,110,502,676
92825,35893,FALSE,94,502,741
51995,280228,FALSE,73,502,812
69692,107220,TRUE,49,503,1077
37099,341700,FALSE,65,503,965
28574,21292,TRUE,71,504,718
50079,25046,TRUE,43,505,-1
68070,71468,TRUE,91,505,708
57921,147893,TRUE,57,509,889
71443,123788,FALSE,120,510,848
71443,123788,FALSE,120,510,848
71443,123788,FALSE,120,510,915
25764,104040,TRUE,93,510,673
107219,10511,TRUE,99,510,-1
53609,24555,TRUE,131,510,665
29281,83964,TRUE,108,511,762
60171,123383,TRUE,99,511,868
54730,106082,FALSE,128,512,756
45124,138745,TRUE,116,512,721
149956,234209,FALSE,85,512,762
91005,120109,TRUE,107,515,925
26794,174500,FALSE,137,515,994
83110,160180,FALSE,68,515,841
30916,150960,FALSE,56,515,638
53512,43747,FALSE,111,515,890
9225,106532,TRUE,130,515,827
35000,212500,TRUE,72,516,1338
28339,100000,FALSE,104,516,1300
47339,91771,FALSE,14,516,811
74973,105278,TRUE,101,516,770
87078,192048,FALSE,101,517,771
56680,218900,FALSE,42,517,883
65334,160104,FALSE,94,517,848
85187,265528,FALSE,105,523,1090
97072,109214,FALSE,60,523,799
88623,166148,TRUE,101,523,798
150000,200000,TRUE,70,524,953
29005,14504,TRUE,71,524,827
76910,195000,FALSE,92,525,1254
85739,212974,TRUE,126,529,959
82022,113738,FALSE,147,530,774
112200,197880,TRUE,118,530,819
44196,219303,FALSE,67,531,1082
61833,209100,FALSE,110,531,950
71085,61087,FALSE,114,531,-1
25842,38495,FALSE,129,532,659
135000,197000,FALSE,81,532,956
69620,130104,FALSE,75,532,1170
110735,122655,FALSE,103,532,904
145185,89033,FALSE,155,533,897
112200,202980,FALSE,123,533,657
140000,285000,FALSE,57,533,-1
122400,198900,FALSE,118,533,657
102000,286110,FALSE,68,533,685
96574,29097,FALSE,110,536,1112
122400,163200,FALSE,107,536,854
125000,200000,FALSE,140,538,-1
58017,69624,TRUE,111,538,1022
10061,98460,FALSE,86,539,1145
65094,71016,FALSE,125,540,1169
120531,57883,TRUE,26,540,616
96498,193000,FALSE,82,540,-1
82848,137003,TRUE,71,540,1057
66929,165871,FALSE,63,545,823
35000,71500,FALSE,54,545,-1
40612,130375,FALSE,68,546,792
46411,106221,FALSE,114,546,901
51660,181499,TRUE,148,546,977
67949,107589,TRUE,97,546,741
102000,227460,TRUE,119,546,783
13939,88537,TRUE,105,547,776
56796,134895,TRUE,85,547,747
25764,102000,FALSE,82,552,820
76554,96812,TRUE,67,552,659
44209,113650,FALSE,157,552,876
112200,153000,TRUE,113,553,705
25500,123000,FALSE,162,553,-1
90669,134079,TRUE,155,554,1021
120000,140000,TRUE,121,554,869
45124,19560,FALSE,124,554,848
76554,147641,FALSE,130,554,974
19579,265000,FALSE,76,554,1181
112200,260100,FALSE,29,554,757
69620,163521,TRUE,86,554,844
89239,255707,FALSE,84,557,1037
83662,174018,TRUE,107,557,945
72506,94811,TRUE,56,558,869
28339,265200,FALSE,108,558,817
32641,417900,FALSE,54,558,894
97072,86642,TRUE,102,559,-1
30916,195000,TRUE,70,559,1078
103138,194130,TRUE,100,559,841
83662,194979,TRUE,90,559,-1
83662,189549,FALSE,110,560,939
66396,123680,FALSE,106,561,1103
55384,184939,TRUE,105,561,994
44313,180000,FALSE,92,561,1195
10653,72577,TRUE,134,565,1020
25764,275400,FALSE,68,566,893
62288,60590,TRUE,55,566,783
51995,280228,FALSE,73,566,812
17356,132944,TRUE,44,566,991
115000,220000,FALSE,136,567,966
119931,69310,TRUE,105,567,792
46375,201450,TRUE,124,568,748
40427,27870,FALSE,147,568,-1
107174,246305,TRUE,109,571,810
16159,50000,TRUE,21,571,-1
57992,10235,TRUE,95,572,-1
11870,101241,TRUE,136,572,901
29886,126000,FALSE,127,572,-1
42304,118855,TRUE,60,573,683
118209,160907,TRUE,120,573,-1
147404,265931,FALSE,128,573,859
112200,315690,TRUE,107,574,733
70986,142494,TRUE,125,574,965
61408,131689,TRUE,132,574,832
78084,118627,FALSE,112,575,1047
87982,97116,FALSE,90,575,-1
24732,200000,FALSE,132,578,984
112200,300900,FALSE,88,580,781
118701,192284,TRUE,62,581,1105
30000,100000,FALSE,115,582,1169
66894,67209,FALSE,65,582,1054
42480,157639,TRUE,30,585,1078
185659,453373,TRUE,66,585,1023
86633,156979,FALSE,99,586,833
102000,158100,FALSE,121,586,755
57164,105517,TRUE,155,587,1075
128820,176000,FALSE,28,587,-1
94818,315000,FALSE,55,587,1216
71914,126627,TRUE,82,588,1055
72506,149959,FALSE,117,589,993
36069,245000,FALSE,66,589,1182
36069,245000,FALSE,122,589,-1
103387,62818,TRUE,135,592,861
25764,116000,FALSE,136,593,1240
117300,163200,FALSE,98,593,792
164046,78370,FALSE,61,594,1219
29886,145309,TRUE,142,594,762
94818,173326,TRUE,16,594,936
63887,180335,TRUE,61,594,1156
43329,79681,TRUE,99,595,937
112200,236640,TRUE,56,595,888
19394,265000,FALSE,52,596,1285
80414,86795,TRUE,143,596,762
15845,93679,FALSE,116,596,781
126243,59337,TRUE,106,596,896
49686,73936,TRUE,127,596,791
78469,86319,FALSE,116,599,767
27824,96000,FALSE,78,599,-1
28855,169000,FALSE,119,599,-1
123769,521957,TRUE,54,600,981
22686,158748,FALSE,121,600,896
122400,346800,FALSE,97,600,827
127500,362100,FALSE,102,600,867
32541,53596,FALSE,72,601,813
24732,240000,FALSE,116,601,1110
34523,230000,FALSE,106,601,-1
36781,9198,TRUE,96,601,741
46949,33309,TRUE,110,602,775
34007,113727,FALSE,106,602,708
59080,154524,FALSE,128,602,1055
72506,107538,TRUE,106,602,911
47339,71879,FALSE,145,606,789
66638,117352,TRUE,104,607,965
110000,349000,FALSE,142,608,924
70986,80029,FALSE,104,610,748
35700,135800,FALSE,90,610,1306
10157,89840,TRUE,77,610,910
28339,146880,FALSE,83,610,868
63912,125000,FALSE,112,614,1092
233556,176751,TRUE,102,614,880
30000,28212,TRUE,81,614,-1
16488,163200,FALSE,137,615,741
72506,75346,FALSE,104,615,763
90599,207529,TRUE,52,616,1126
47060,50690,TRUE,94,616,809
25764,214200,TRUE,108,617,834
49000,26288,FALSE,124,617,1077
71642,203185,FALSE,128,617,1380
107208,219942,FALSE,100,617,776
137700,295800,TRUE,107,617,810
41222,360000,FALSE,115,617,-1
132600,367200,FALSE,65,617,852
127500,255000,TRUE,77,617,812
38266,83352,TRUE,102,617,-1
49000,114360,TRUE,139,620,712
98505,335654,FALSE,139,621,897
52698,115929,TRUE,120,621,1005
91800,214200,TRUE,153,623,799
91221,193508,FALSE,99,623,930
63529,75084,TRUE,111,623,748
65094,115770,TRUE,111,624,819
78040,282886,TRUE,114,624,1085
81879,112596,TRUE,96,627,1049
114687,121976,TRUE,133,627,1386
100395,137075,TRUE,118,628,783
35700,168300,FALSE,61,628,822
20400,158100,FALSE,35,628,825
82022,184698,TRUE,117,628,-1
83662,194979,TRUE,90,628,712
67257,157027,TRUE,107,629,1091
140000,285000,FALSE,57,629,803
51000,135100,TRUE,82,629,1224
20611,215000,FALSE,116,631,988
25764,325000,FALSE,95,631,966
83662,217201,FALSE,113,631,1155
69910,165947,TRUE,116,631,831
122400,299676,FALSE,139,634,889
30483,102000,FALSE,119,634,848
7102,65296,TRUE,63,634,819
66980,131795,TRUE,125,634,1071
64051,84888,FALSE,131,634,1384
54619,5152,FALSE,133,635,1055
112200,255000,FALSE,107,635,848
44196,88419,TRUE,65,635,798
30000,40000,FALSE,92,636,-1
73612,145000,TRUE,87,636,1219
45078,62229,FALSE,123,637,973
122767,273927,TRUE,62,637,890
158100,409020,TRUE,83,638,797
97903,408000,FALSE,55,638,866
47821,140095,TRUE,99,638,1170
127500,257040,FALSE,98,641,846
183885,274500,TRUE,5,641,866
78476,348084,FALSE,94,642,951
91221,149304,TRUE,151,642,1051
71012,85000,FALSE,111,642,1233
112200,200940,FALSE,152,643,747
96900,153000,TRUE,110,644,844
117300,316200,FALSE,64,645,-1
60337,237405,TRUE,112,645,939
107219,215512,FALSE,114,645,833
96498,134953,FALSE,41,645,1204
73612,159252,FALSE,70,648,1012
40000,60000,FALSE,93,648,-1
112200,197880,TRUE,62,648,797
21261,65315,FALSE,105,649,809
88702,263617,TRUE,143,649,897
29370,198500,FALSE,118,649,781
44801,36842,TRUE,94,649,763
85371,97545,FALSE,94,649,865
49766,108536,FALSE,64,650,931
27540,321300,FALSE,77,651,848
38130,143720,TRUE,85,652,903
14712,12992,FALSE,131,652,1250
112200,264180,TRUE,141,652,819
131341,216658,FALSE,101,652,844
94818,230093,FALSE,82,652,1083
51908,226913,FALSE,93,655,1051
96036,205361,TRUE,93,656,897
117300,306000,FALSE,137,657,854
34680,175000,FALSE,136,657,1237
128118,176235,FALSE,42,658,995
110000,187000,FALSE,129,658,876
112200,153000,FALSE,121,659,859
11308,7831,TRUE,48,659,925
69933,103890,FALSE,37,662,890
69596,202125,FALSE,113,662,1000
75000,40000,FALSE,97,663,-1
16167,40861,FALSE,58,663,897
58799,122618,TRUE,90,664,874
30916,150000,FALSE,113,664,768
30916,360000,FALSE,72,664,1191
103895,232394,TRUE,71,664,1020
117300,242760,TRUE,102,664,852
112200,321300,TRUE,106,664,937
28855,330000,FALSE,60,664,867
63297,295800,FALSE,103,664,921
15786,91798,TRUE,111,665,999
98306,207970,TRUE,106,665,-1
153000,345780,FALSE,33,666,908
137700,367200,TRUE,92,666,959
125000,375000,FALSE,76,666,1028
122400,255000,TRUE,107,666,852
127500,249900,FALSE,134,666,925
22671,254000,FALSE,42,673,859
82022,107723,TRUE,143,676,897
135000,260000,TRUE,55,677,860
66986,175152,FALSE,101,677,1282
48777,116769,FALSE,66,677,994
45000,118500,TRUE,122,678,1230
102000,290496,TRUE,67,678,-1
75000,200000,TRUE,93,678,1394
93267,23384,FALSE,136,679,1000
56680,214200,FALSE,86,680,837
29585,225000,TRUE,146,685,1152
130000,240000,FALSE,109,685,964
50680,126475,TRUE,136,685,874
61375,67194,TRUE,119,686,825
50821,123231,TRUE,50,686,1007
109208,67500,FALSE,155,686,-1
28560,183600,FALSE,115,687,908
32640,315000,FALSE,72,687,1092
27056,33409,FALSE,58,690,903
8072,50899,FALSE,132,690,986
42464,24311,TRUE,85,690,-1
81879,199947,FALSE,134,690,1026
41878,152944,FALSE,111,691,1029
26279,113000,FALSE,107,691,-1
30916,180000,TRUE,125,691,985
50960,56626,FALSE,89,691,880
117300,326400,FALSE,77,692,936
125000,284000,TRUE,139,692,-1
35354,46415,TRUE,122,692,1000
91137,155469,FALSE,73,693,1093
37740,113000,FALSE,43,694,1285
47303,190000,FALSE,135,697,930
12216,32643,TRUE,127,697,874
57164,190000,FALSE,102,697,979
120000,270000,FALSE,137,697,-1
32977,130000,FALSE,105,697,1077
65164,39104,FALSE,81,697,972
110879,226649,FALSE,45,698,-1
52193,218808,TRUE,115,699,1012
40000,380000,FALSE,106,699,1202
95208,114641,TRUE,155,699,917
112200,328100,FALSE,126,699,1322
25764,5152,FALSE,144,700,1204
25500,96000,FALSE,136,700,907
22119,35000,FALSE,93,700,-1
120000,222000,FALSE,134,700,967
107174,186937,FALSE,119,700,987
46411,75390,FALSE,136,700,942
61351,16732,FALSE,101,700,862
44313,98900,FALSE,60,700,881
54945,160865,FALSE,80,701,1086
40000,90000,FALSE,101,701,1359
30600,182580,FALSE,64,701,951
76555,119024,TRUE,63,706,963
105000,162000,FALSE,75,706,887
41222,135000,FALSE,27,708,-1
66929,90500,TRUE,105,708,1345
96900,153000,FALSE,119,708,804
65094,82852,TRUE,115,711,924
117300,392700,TRUE,127,712,894
87124,215922,TRUE,83,712,908
38892,76977,TRUE,134,712,-1
62286,119619,FALSE,77,712,879
34808,38873,FALSE,106,712,872
48711,36881,FALSE,94,714,1140
39780,290000,FALSE,88,715,1198
132600,315180,FALSE,55,715,833
69334,313906,TRUE,130,719,944
90264,60000,TRUE,61,719,1286
51000,165240,FALSE,92,719,879
117941,35000,FALSE,124,720,1030
18049,32000,TRUE,85,720,-1
36069,153000,FALSE,88,721,895
35362,215000,FALSE,51,721,973
122400,178500,FALSE,97,721,868
135000,339000,FALSE,61,722,974
145185,143294,TRUE,102,725,972
50680,117315,FALSE,80,725,883
30600,66500,FALSE,61,726,-1
45900,150000,FALSE,64,727,1237
41222,165000,FALSE,81,727,960
19579,112200,FALSE,97,727,915
45000,97000,FALSE,130,729,-1
40000,75000,FALSE,114,729,1167
47473,165637,FALSE,66,732,1097
66929,213806,FALSE,116,733,1085
24480,163200,FALSE,116,735,915
84936,204698,FALSE,106,736,1191
52651,190950,TRUE,83,739,1022
65642,96985,FALSE,94,739,803
131341,160906,FALSE,27,740,861
69334,313906,TRUE,130,742,1092
25500,204000,FALSE,105,743,916
96261,320300,FALSE,30,743,973
48313,58500,FALSE,123,743,-1
59491,199391,FALSE,146,746,909
17638,20000,FALSE,73,747,1364
48249,18185,FALSE,131,747,-1
55514,130000,FALSE,128,747,922
95000,160000,TRUE,97,747,1028
54681,49213,TRUE,70,747,883
40332,15012,TRUE,91,748,910
25764,214200,FALSE,91,748,959
21930,144000,FALSE,158,753,918
13200,15000,FALSE,120,753,-1
20611,145000,TRUE,105,754,1261
28339,65000,FALSE,98,754,1369
84936,185600,FALSE,74,755,897
20400,170500,FALSE,131,755,1133
25596,124178,TRUE,71,755,1428
24217,325000,FALSE,108,756,1035
24500,124000,FALSE,149,757,-1
56786,123534,FALSE,100,757,931
46893,112215,TRUE,54,760,991
132600,300900,TRUE,61,760,944
135000,395000,FALSE,106,760,1041
30401,127500,FALSE,69,761,-1
80000,148000,TRUE,67,761,945
79124,207044,TRUE,57,761,995
156653,206714,FALSE,104,762,902
51506,70380,FALSE,109,762,-1
100000,190000,FALSE,116,762,1030
115000,214000,TRUE,105,762,1005
80856,200000,FALSE,74,763,1092
53580,48008,FALSE,133,763,943
40000,22000,FALSE,68,763,1204
40800,341000,FALSE,132,763,1107
20400,232000,FALSE,117,764,-1
123100,58898,TRUE,27,764,-1
104992,352845,FALSE,43,764,1057
30600,10200,FALSE,77,764,-1
51528,148900,FALSE,84,767,967
78003,133082,TRUE,123,767,942
58862,174202,TRUE,25,767,1093
28294,402278,FALSE,87,768,1163
97072,164552,FALSE,105,768,987
25532,130000,FALSE,120,770,1342
118962,210798,FALSE,121,770,918
45000,145000,TRUE,94,774,1197
128766,263443,FALSE,129,776,1162
110000,270000,TRUE,34,776,944
117941,426736,FALSE,134,776,900
60337,214956,TRUE,93,781,1148
86700,25500,FALSE,92,781,1056
49994,134580,FALSE,108,782,937
47339,119270,TRUE,68,782,1411
67257,32193,TRUE,120,783,1203
68146,521563,TRUE,36,784,1175
45000,30000,TRUE,80,784,1327
153000,504900,FALSE,24,788,952
61351,49465,FALSE,104,789,1195
72456,73159,TRUE,132,789,893
91005,157319,FALSE,104,789,1154
72506,18500,FALSE,145,789,-1
30600,121000,FALSE,52,789,-1
54681,27843,FALSE,132,789,1036
63529,117188,FALSE,129,791,1050
22950,190000,FALSE,114,791,1170
45000,145000,TRUE,61,792,1324
63818,97473,FALSE,73,795,1041
45000,135000,FALSE,15,796,-1
43283,159152,FALSE,77,797,1233
114124,241475,FALSE,113,798,1148
114687,121976,TRUE,133,798,-1
43798,126000,FALSE,148,798,1275
87490,70000,FALSE,141,803,1251
136652,599479,FALSE,32,804,1131
35190,27000,FALSE,48,804,-1
155000,250000,FALSE,85,804,1079
150000,340000,FALSE,68,804,1093
155000,347000,FALSE,63,804,1093
23125,94300,FALSE,77,806,960
36791,27597,FALSE,107,806,900
44086,150000,FALSE,120,809,937
90542,99332,TRUE,137,809,1328
101891,202886,FALSE,18,810,988
69304,149654,FALSE,72,810,963
32977,372300,FALSE,121,810,1239
79647,142336,FALSE,90,810,1027
27329,145500,FALSE,38,810,-1
45124,96582,FALSE,75,811,999
40463,147093,TRUE,74,812,1065
40800,325000,FALSE,99,812,1106
39399,87006,FALSE,120,812,984
117300,375360,FALSE,147,812,917
45000,70000,TRUE,91,813,1392
36720,350000,FALSE,112,813,1344
40800,200000,FALSE,94,813,1230
25500,100000,FALSE,121,816,1307
109363,105000,TRUE,120,817,1247
67711,85907,TRUE,73,817,1120
45900,145000,FALSE,76,818,1345
72407,107031,FALSE,88,818,1006
135000,302000,FALSE,69,818,-1
39780,200000,FALSE,85,819,1282
95338,160110,TRUE,92,824,1093
25764,197000,FALSE,71,825,1219
38130,178500,FALSE,73,825,945
107219,281029,TRUE,120,825,939
85371,335000,FALSE,76,827,1279
60852,138802,FALSE,65,827,1021
80414,191575,FALSE,117,831,915
39776,11494,TRUE,117,831,1061
99707,99534,FALSE,58,831,973
120000,195000,TRUE,122,831,988
160000,494000,FALSE,83,832,984
35000,95000,FALSE,114,833,-1
40800,185000,FALSE,70,833,1181
55365,93759,FALSE,100,834,1145
25000,33944,TRUE,138,834,-1
35700,343200,FALSE,90,834,1363
84938,179602,TRUE,104,839,1110
25764,75000,FALSE,133,839,-1
27545,79280,FALSE,46,840,1153
92071,107434,FALSE,61,841,1126
102614,58000,FALSE,58,841,-1
72803,18201,FALSE,146,841,1428
86700,127000,FALSE,41,844,1286
142800,270300,TRUE,71,844,1006
45124,96582,FALSE,75,845,-1
69304,132843,FALSE,48,845,1119
135000,315000,TRUE,59,845,995
120000,390000,FALSE,129,845,1030
15300,200000,FALSE,106,845,1140
125000,355000,TRUE,132,846,1021
42046,188000,TRUE,101,846,1000
105201,86000,FALSE,122,846,-1
44013,180381,TRUE,143,847,973
60000,73760,TRUE,81,848,-1
75000,185000,FALSE,58,848,1174
15300,165000,FALSE,111,852,1183
97305,182455,FALSE,95,853,1078
34680,15000,FALSE,123,855,1356
89596,118500,TRUE,12,859,1204
150000,165000,FALSE,85,859,1100
51000,106000,FALSE,74,860,1268
29580,180000,FALSE,120,860,1138
60180,61000,FALSE,61,860,1265
45900,185000,FALSE,139,861,1037
110000,322500,FALSE,121,862,-1
52623,218380,TRUE,111,865,1104
58799,122618,TRUE,90,866,1198
43438,101553,FALSE,145,866,1097
43860,335000,FALSE,59,866,1111
130000,440000,FALSE,73,867,1040
125000,300000,FALSE,84,867,1093
22671,108000,FALSE,124,867,1282
125000,305000,FALSE,118,867,1036
25500,128000,FALSE,60,868,1345
16431,300000,FALSE,105,869,1022
101533,142464,FALSE,117,873,1002
48249,63721,FALSE,90,875,1111
20611,140000,FALSE,95,875,1092
59472,92186,FALSE,148,876,-1
37740,335000,FALSE,114,879,1111
140000,329000,FALSE,57,880,1131
173270,102500,FALSE,87,883,1386
19110,65000,FALSE,87,886,-1
125000,314000,FALSE,110,886,1117
13571,89649,TRUE,126,887,1121
72433,68899,FALSE,128,888,944
130000,245000,FALSE,57,888,1035
45000,82000,TRUE,56,889,-1
25248,27000,TRUE,114,890,1356
23460,25000,FALSE,115,890,1356
28560,27000,TRUE,112,890,1356
50637,12583,FALSE,113,890,-1
59175,19836,FALSE,107,893,1070
98426,73000,TRUE,88,893,-1
42625,93132,FALSE,159,893,1028
30600,5100,FALSE,117,894,-1
18010,58000,TRUE,122,895,1026
51000,135000,FALSE,87,895,1251
30000,155000,FALSE,119,895,1162
55745,128406,FALSE,77,896,-1
42840,113000,TRUE,115,896,1181
45900,345000,FALSE,87,897,1119
145000,359000,TRUE,90,897,1111
39780,60000,TRUE,100,900,1237
18549,190000,FALSE,82,900,1040
32640,360000,FALSE,128,901,1104
51000,94000,FALSE,104,901,1253
43860,310000,TRUE,107,901,1050
35000,121000,FALSE,117,902,1217
35000,121000,FALSE,117,902,1217
43860,189000,FALSE,70,902,1191
87982,97116,FALSE,90,902,1111
71400,393500,FALSE,74,903,-1
150000,215000,FALSE,62,904,1062
124778,34000,TRUE,104,904,1338
34007,165152,FALSE,124,907,1058
110000,225000,FALSE,112,908,1050
133784,227735,FALSE,50,908,1128
125000,325000,FALSE,80,908,1050
40000,180000,TRUE,53,909,1387
104004,169457,FALSE,74,909,1126
30000,35000,FALSE,116,910,1226
30600,290000,FALSE,119,910,1128
175000,580000,TRUE,55,910,1148
100000,250000,FALSE,72,911,1068
135000,215000,FALSE,101,911,1126
35700,255000,FALSE,71,914,1127
85775,113653,FALSE,133,915,1075
58017,43500,TRUE,75,915,-1
23970,185000,FALSE,150,916,1079
45900,325000,TRUE,62,917,1103
47339,20000,FALSE,122,917,1370
147900,316200,FALSE,61,917,1071
46375,190000,FALSE,109,918,-1
43860,445000,TRUE,70,918,1181
76500,385000,FALSE,41,918,1216
61318,166222,FALSE,56,921,1070
30600,305000,TRUE,59,922,1104
31620,285000,TRUE,111,922,1140
125000,325000,FALSE,113,922,1072
76500,365000,FALSE,61,922,1224
27540,126000,FALSE,97,923,1254
51528,5152,FALSE,98,923,1394
125000,340000,FALSE,123,924,1083
140000,180000,TRUE,42,924,1064
25764,155000,FALSE,90,925,1044
23460,325000,FALSE,104,925,1110
14412,88753,FALSE,140,928,1090
50487,48192,TRUE,105,928,1082
45000,262500,FALSE,104,929,1153
22440,80000,FALSE,99,929,1390
128663,192996,FALSE,116,929,1261
20400,90000,FALSE,106,931,1118
25596,75336,TRUE,146,931,1048
120723,135818,TRUE,82,931,1337
173270,102500,FALSE,87,932,1393
69048,50000,TRUE,118,932,1309
31535,50000,FALSE,90,937,-1
35700,285000,FALSE,104,938,1160
23460,250000,FALSE,108,938,1160
6179,9365,TRUE,140,938,1132
31535,150000,TRUE,114,938,1107
45000,175000,FALSE,105,939,-1
22440,47000,FALSE,131,939,-1
19380,87000,FALSE,139,939,1313
137911,61078,FALSE,124,942,1097
30855,110000,FALSE,94,942,-1
32640,121000,FALSE,111,942,1212
34170,275000,FALSE,61,943,1215
51695,28849,FALSE,62,943,-1
90542,78472,FALSE,122,944,1124
35700,112000,FALSE,109,944,1212
42840,130000,FALSE,62,944,1212
30758,141000,FALSE,81,944,1226
46920,330000,FALSE,113,945,1154
53040,300000,FALSE,133,945,1145
25000,17000,FALSE,122,945,-1
42840,130000,FALSE,62,949,1212
30000,293800,FALSE,150,949,1286
28560,138500,FALSE,110,949,1240
97072,86642,TRUE,102,949,1111
8579,56722,TRUE,61,949,1125
40000,185000,FALSE,85,949,1233
48711,388500,FALSE,106,950,1202
45798,110000,FALSE,58,952,1247
45798,110000,FALSE,57,952,1240
161717,124914,FALSE,54,956,-1
43860,250000,FALSE,58,956,1203
28855,42000,FALSE,127,957,1316
31620,175000,FALSE,123,958,1195
37740,325000,FALSE,74,958,1187
20611,141000,FALSE,78,960,-1
40800,192000,FALSE,73,960,-1
65094,80000,FALSE,77,960,-1
32130,56000,FALSE,58,963,1306
27540,104000,FALSE,106,963,1279
62220,165000,FALSE,78,964,-1
14400,89726,TRUE,126,965,1268
30000,63000,FALSE,91,967,1429
30600,350000,FALSE,89,971,1198
80000,75000,TRUE,20,971,1254
35700,100000,FALSE,116,974,-1
100000,182500,TRUE,114,974,1083
83946,262923,TRUE,58,974,-1
53550,245000,FALSE,126,974,1170
30600,215000,FALSE,85,978,1187
49500,40000,TRUE,52,979,1315
41751,150000,FALSE,95,980,1125
26279,145255,FALSE,130,985,1224
100395,162939,FALSE,53,985,1313
51000,124000,FALSE,115,986,1237
42567,97600,FALSE,42,988,1118
40800,340000,FALSE,65,992,1127
30600,160000,FALSE,137,992,1181
30000,155000,FALSE,114,995,1177
35000,130000,FALSE,65,995,1217
106178,95000,FALSE,96,998,1376
25000,155000,FALSE,122,999,1156
35700,199000,FALSE,63,999,1167
43860,61200,FALSE,54,1000,1358
100980,215000,FALSE,35,1001,1138
62220,165000,FALSE,125,1006,1252
43438,14482,FALSE,76,1007,1257
64770,125000,FALSE,92,1008,1261
40800,8670,FALSE,156,1012,-1
38760,56000,FALSE,74,1012,1358
36720,57000,FALSE,67,1012,1302
35700,57000,FALSE,124,1013,1342
71400,75000,FALSE,95,1013,-1
63678,72853,FALSE,86,1014,1371
92958,148000,FALSE,104,1014,1331
92825,75566,FALSE,119,1015,1247
47430,145000,FALSE,133,1016,1215
25500,59000,FALSE,68,1019,1352
35700,59000,FALSE,85,1020,-1
69334,89639,FALSE,103,1022,1118
45900,62000,FALSE,64,1026,1308
27540,93000,FALSE,44,1026,1230
62634,188310,FALSE,54,1028,1111
44309,43500,FALSE,59,1028,1330
35700,154000,FALSE,78,1030,-1
45000,100000,FALSE,109,1034,1215
89349,62511,FALSE,19,1036,-1
64454,60570,TRUE,137,1037,1309
50000,10000,FALSE,111,1037,-1
24351,4303,FALSE,89,1040,1244
49980,134000,FALSE,57,1044,1218
48960,5100,FALSE,108,1048,1224
51000,73000,FALSE,51,1048,-1
56100,350000,FALSE,64,1049,1195
40800,14700,TRUE,100,1051,-1
40027,26000,TRUE,79,1055,1223
50653,130716,FALSE,49,1065,1167
71400,120000,FALSE,46,1070,1261
45983,11000,FALSE,80,1070,1257
30600,51000,FALSE,65,1071,1321
17000,112500,FALSE,88,1071,1226
90841,185000,FALSE,84,1072,1238
31110,93000,FALSE,57,1077,-1
51000,160000,FALSE,98,1078,1274
133859,75000,TRUE,63,1097,1302
30600,96000,FALSE,24,1107,1231
35000,11000,FALSE,121,1138,1302
60000,60000,TRUE,106,1145,-1
30600,5100,FALSE,72,1160,-1
75000,60000,TRUE,70,1180,-1
35000,5750,FALSE,105,1188,-1
92750,16488,FALSE,64,1197,-1
92934,159972,TRUE,56,1208,-1
50000,10000,FALSE,111,1211,-1
125000,25000,TRUE,57,1212,1408
30600,10200,FALSE,67,1216,-1
30600,7140,FALSE,101,1232,1384
55000,15000,FALSE,45,1237,-1
25500,9180,FALSE,121,1245,-1
35000,5000,FALSE,133,1247,-1
183600,45900,FALSE,44,1282,-1
105117,21023,FALSE,58,1285,-1
113361,51528,FALSE,90,1287,-1
185918,246068,FALSE,49,1288,-1
30600,8160,FALSE,108,1310,-1
40800,8160,FALSE,88,1329,-1
26520,4080,FALSE,127,1329,-1
71400,34000,FALSE,105,1348,-1
81600,9180,FALSE,61,1363,-1
80000,20000,FALSE,50,1378,-1
103392,212274,FALSE,88,1393,-1